,link,weighted_sentiment
0,https://reddit.com/r/adidas/comments/1kbqq35/what_yall_think_about_forum2000/,0.33415217391304347
1,https://reddit.com/r/adidas/comments/1kbu4gq/adidas_superstar_sakura_celebrates_tokyos_cherry/,0.4588
2,https://reddit.com/r/adidas/comments/1kbwziu/todays_pair_wish_they_would_bring_back_this/,0.2764875
3,https://reddit.com/r/adidas/comments/1kbyeg6/sporty_rich_handball_spezial/,0.50008
4,https://reddit.com/r/adidas/comments/1kbyfwq/just_landed_love_the_colors/,0.23463571428571425
5,https://reddit.com/r/adidas/comments/1kbysiy/gazelle_x_clot_halo_ivory/,0.40962
6,https://reddit.com/r/adidas/comments/1kc18rc/a_price_for_not_checking_twicecan_you_spot_the/,-0.0158035294117647
7,https://reddit.com/r/adidas/comments/1kc2ofu/seriously_good/,0.5855
8,https://reddit.com/r/adidas/comments/1kc4zrp/running_shoes/,0.37728
9,https://reddit.com/r/adidas/comments/1kc852k/its_a_busenitz_vintage_kind_of_day/,0.44005555555555553
10,https://reddit.com/r/adidas/comments/1kc8wht/bali/,0.146475
11,https://reddit.com/r/adidas/comments/1kcalus/free_sambas/,0.2104818181818182
12,https://reddit.com/r/adidas/comments/1kcay98/what_sambas_are_you_wearing_today/,0.27823
13,https://reddit.com/r/adidas/comments/1kceqaj/retro_shoe_request/,0.18567
14,https://reddit.com/r/adidas/comments/1kcflhf/adidas_in_the_neighborhood/,0.0
15,https://reddit.com/r/adidas/comments/1kcg20l/identication/,-0.4121
16,https://reddit.com/r/adidas/comments/1kcgz3o/lets_go_ant/,0.3798595744680851
17,https://reddit.com/r/adidas/comments/1kck0o4/great_shoe_day_brain_dead/,0.7279
18,https://reddit.com/r/adidas/comments/1kck9o1/my_first_pair_of_spezial/,0.4566652173913044
19,https://reddit.com/r/adidas/comments/1kcl1yc/are_they_real/,0.26194545454545454
20,https://reddit.com/r/adidas/comments/1kclptc/does_anyone_know_the_name_of_this_trainer_please/,0.008
21,https://reddit.com/r/adidas/comments/1kcqog7/cop_or_drop/,0.21208223684210525
22,https://reddit.com/r/adidas/comments/1kcs43w/super_man_batman_antman_this_is_really_1_of_my/,0.34745
23,https://reddit.com/r/adidas/comments/1kcsi8r/considering_them_for_everyday_wear_i_live_in/,-0.13200000000000003
24,https://reddit.com/r/adidas/comments/1kcun1y/need_help_identifying_these_shoes/,0.0524875
25,https://reddit.com/r/adidas/comments/1kcvpdh/samba_sizing/,0.389725
26,https://reddit.com/r/adidas/comments/1kcxcbj/sizing_help_for_y3_adidas_hoodies_do_they_fit/,0.645
27,https://reddit.com/r/adidas/comments/1kczhgo/are_10_adidas_tshirts_enough_for_the_gym/,0.01909444444444445
28,https://reddit.com/r/adidas/comments/1kcztsn/hot_or_not_rate_this_custom/,0.09493157894736842
29,https://reddit.com/r/adidas/comments/1kd496o/willy_chavarria_x_adidas_originals_jabbar_gress/,0.38049999999999995
30,https://reddit.com/r/adidas/comments/1kd5fl5/dad_shoes/,0.30542222222222226
31,https://reddit.com/r/adidas/comments/1kd5l79/adidas_warns_sneakers_will_cost_more_in_the_us_as/,0.12830487804878046
32,https://reddit.com/r/adidas/comments/1kd6669/upcoming/,0.4350333333333333
33,https://reddit.com/r/adidas/comments/1kd697j/its_a_campus_day/,0.31470000000000004
34,https://reddit.com/r/adidas/comments/1kd9a6j/adidas_jogging_allround/,0.0
35,https://reddit.com/r/adidas/comments/1kd9i95/i_may_have_a_problem/,0.22126586826347305
36,https://reddit.com/r/adidas/comments/1kda7ww/beforeafter/,0.39092288135593223
37,https://reddit.com/r/adidas/comments/1kde1ci/_/,0.3785
38,https://reddit.com/r/adidas/comments/1kdej12/samba_madness/,0.8300333333333333
39,https://reddit.com/r/adidas/comments/1kdenwx/help_identifying_shoes/,0.2982
40,https://reddit.com/r/adidas/comments/1kdfk1r/my_mom_this_at_the_thrift_and_she_thinks_its_so/,0.046367924528301886
41,https://reddit.com/r/adidas/comments/1kdgr93/id_please/,0.3612
42,https://reddit.com/r/adidas/comments/1kdh7zo/2025_is_the_year_of_the_superstars/,0.0389125
43,https://reddit.com/r/adidas/comments/1kdi0nn/climacool_24_confirmed_app_drawing/,0.72255
44,https://reddit.com/r/adidas/comments/1kdjjvu/these_pants_ray_have_out_yet/,0.0
45,https://reddit.com/r/adidas/comments/1kdk2ct/messi_samba_had_to_trim_the_top_border_of_the/,0.6486
46,https://reddit.com/r/adidas/comments/1kdki08/different_colored_spezials/,0.092075
47,https://reddit.com/r/adidas/comments/1kdofey/first_pair_of_nmds/,0.24894285714285713
48,https://reddit.com/r/adidas/comments/1kdqfgg/whats_on_foot_this_weekend_folks/,0.5578333333333334
49,https://reddit.com/r/adidas/comments/1kdqrqv/samba_og_size_recommandation/,0.09336976744186044
50,https://reddit.com/r/adidas/comments/1kdrg7u/my_original_shoes/,-0.08732857142857142
51,https://reddit.com/r/adidas/comments/1kdrum5/do_these_go_with_anyrhing_besides_sportswear/,0.17919166666666667
52,https://reddit.com/r/adidas/comments/1kdshmw/adidas_in_the_neighborhood/,0.8842
53,https://reddit.com/r/adidas/comments/1kdt31a/whats_your_take_on_this_color/,0.47946666666666665
54,https://reddit.com/r/adidas/comments/1kduhk8/are_these_good_for_runningwalking/,0.4311428571428571
55,https://reddit.com/r/adidas/comments/1kdv2o8/after_the_climacool24_kith_steps_in_with_the/,-0.1366
56,https://reddit.com/r/adidas/comments/1kdvchx/help_my_sambas_got_wet_and_the_dye_transferred/,-0.06381111111111111
57,https://reddit.com/r/adidas/comments/1kdvdvm/on_foot_today_on_this_sunny_warm_day/,-0.09424285714285714
58,https://reddit.com/r/adidas/comments/1kdvhl9/japan_shoes_fit_questions/,0.5949555555555555
59,https://reddit.com/r/adidas/comments/1kdws5c/more_please/,0.74964
60,https://reddit.com/r/adidas/comments/1kdx6ve/anyone_have_any_info/,0.12255555555555556
61,https://reddit.com/r/adidas/comments/1kdxntn/identify_these_shoes_tags_worn_down/,0.0903
62,https://reddit.com/r/adidas/comments/1kdxwkv/whats_the_deal_with_stan_smiths_in_2025_leather/,0.34282727272727276
63,https://reddit.com/r/adidas/comments/1kdyrmt/gazelle_bold/,0.56645
64,https://reddit.com/r/adidas/comments/1kdz0x6/a_pair_of_shoes_that_dont_exist/,0.1745
65,https://reddit.com/r/adidas/comments/1kdzn2k/zip_up_jackets_addict/,0.6717571428571427
66,https://reddit.com/r/adidas/comments/1kdzx19/cant_find_these_shoes_in_larger_sizes_any_chances/,0.09866666666666667
67,https://reddit.com/r/adidas/comments/1ke1n1j/which_model_is_this/,-0.4341
68,https://reddit.com/r/adidas/comments/1ke2bz8/sw_hemp_gazelles_thoughts/,0.39591304347826084
69,https://reddit.com/r/adidas/comments/1ke2tkp/what_even_is_this_gold_coin/,0.075875
70,https://reddit.com/r/adidas/comments/1ke3qzr/this_is_a_scam_right/,-0.63845
71,https://reddit.com/r/adidas/comments/1ke3su1/my_current_favorite/,0.5713999999999999
72,https://reddit.com/r/adidas/comments/1ke4ov1/no_love_for_these/,0.43007999999999996
73,https://reddit.com/r/adidas/comments/1ke8do3/3ssb_ae1s/,-0.128
74,https://reddit.com/r/adidas/comments/1keaqqf/do_you_iron_your_adidas_training_tees_even_though/,0.13191333333333335
75,https://reddit.com/r/adidas/comments/1keezsn/a_pleasant_surprise_no_regrets/,0.4130444444444445
76,https://reddit.com/r/adidas/comments/1keguyk/help_me_find_adidas_sneakers_from_around_the/,0.20725
77,https://reddit.com/r/adidas/comments/1kehtju/adidas_handball_spezial/,0.6124
78,https://reddit.com/r/adidas/comments/1kejaz9/munchen/,0.30712340425531914
79,https://reddit.com/r/adidas/comments/1kelz6k/the_wall_at_jd_and_footlocker_us/,0.32231875
80,https://reddit.com/r/adidas/comments/1kemfn1/travelling_to_new_york/,0.62085
81,https://reddit.com/r/adidas/comments/1kemvhi/help_please_ive_goggled_and_cant_find_anything/,0.1358
82,https://reddit.com/r/adidas/comments/1kenl12/may_the_fourth_be_with_you/,0.5565666666666667
83,https://reddit.com/r/adidas/comments/1keqkdc/any_hikers_here_use_terrex_skychaser_whats_are/,0.6696
84,https://reddit.com/r/adidas/comments/1keqpec/what_color_of_spezial_should_i_buy_next_i_already/,0.3925166666666666
85,https://reddit.com/r/adidas/comments/1kes3jq/sample_shoes/,0.3515
86,https://reddit.com/r/adidas/comments/1kesw9l/i_just_got_these/,0.46342857142857147
87,https://reddit.com/r/adidas/comments/1ket4h1/anyone_know_if_the_evo_sl_will_restock_again/,0.4019
88,https://reddit.com/r/adidas/comments/1keu4hx/zx5000_x_size/,0.3294
89,https://reddit.com/r/adidas/comments/1keviy2/got_this_2_years_ago/,0.35468181818181815
90,https://reddit.com/r/adidas/comments/1kewv4b/getting_these_for_my_birthday_i_think_what_do_you/,0.38194845360824736
91,https://reddit.com/r/adidas/comments/1kexwmo/does_anyone_know_the_exact_value_of_this_backpack/,0.0
92,https://reddit.com/r/adidas/comments/1key3vp/tips_to_clean_shoes/,0.4864833333333334
93,https://reddit.com/r/adidas/comments/1kezouq/fuck_fuck_fuck_trump/,0.2708993055555556
94,https://reddit.com/r/adidas/comments/1kf0f92/brain_dead_x_forest_hills/,0.3969461538461539
95,https://reddit.com/r/adidas/comments/1kf0xj6/adidas_continental_80/,0.35119999999999996
96,https://reddit.com/r/adidas/comments/1kf117t/anyone_know_what_adidas_sneakers_these_are/,0.03612
97,https://reddit.com/r/adidas/comments/1kf3pnu/clot_bring_beaded_detailing_to_the_adidas_stan/,0.0
98,https://reddit.com/r/adidas/comments/1kf3utn/wore_these_out_today/,0.0
99,https://reddit.com/r/adidas/comments/1kf52bh/whats_your_favorite/,0.507925
100,https://reddit.com/r/adidas/comments/1kf87q8/how_do_i_fix_this_from_being_ripped_off/,0.0
101,https://reddit.com/r/adidas/comments/1kf8cyq/adidas_longevity/,0.137208
102,https://reddit.com/r/adidas/comments/1kfag60/one_pair_for_each_weekday/,0.31733636363636364
103,https://reddit.com/r/adidas/comments/1kfc80i/how_do_these_run/,0.29464285714285715
104,https://reddit.com/r/adidas/comments/1kff28a/matchy/,0.4019
105,https://reddit.com/r/adidas/comments/1kfh71q/any_tips_for_cleaning_up_these_boost_soles_ive/,0.32429574468085104
106,https://reddit.com/r/adidas/comments/1kfivos/wolves_in_4/,-0.6486
107,https://reddit.com/r/adidas/comments/1kfjejy/why_doesnt_adidas_make_xl_or_2xl_caps/,-0.4574
108,https://reddit.com/r/adidas/comments/1kfk7qq/can_anyone_tell_me_what_shoes_are_these/,0.0
109,https://reddit.com/r/adidas/comments/1kfl91z/anyone_know_when_the_aristocats_gazelles_release/,0.2202
110,https://reddit.com/r/adidas/comments/1kfmiau/what_old_adidas_model_is_this_and_is_it_a/,0.16419999999999998
111,https://reddit.com/r/adidas/comments/1kfoofs/zx8000_mita/,0.1056
112,https://reddit.com/r/adidas/comments/1kfp34f/addidas_style/,0.006699999999999998
113,https://reddit.com/r/adidas/comments/1kft0r1/im_looking_for_this_tracksuit/,0.19458333333333333
114,https://reddit.com/r/adidas/comments/1kfwkwx/gazelle_bold_or_gazelle_indoor/,0.4479
115,https://reddit.com/r/adidas/comments/1kfwth9/how_to_clean_these_stains_off_my_campuses/,-0.23343333333333335
116,https://reddit.com/r/adidas/comments/1kfyh81/balenciaga_x_adidas_bootlegcustomization_or/,0.02356666666666665
117,https://reddit.com/r/adidas/comments/1kg0git/whats_this_a_doing_here/,0.0
118,https://reddit.com/r/adidas/comments/1kg26kt/anyone_notice_that_academy_and_dicks_back_benched/,0.33520833333333333
119,https://reddit.com/r/adidas/comments/1kg3vnw/freshly_dropped/,0.08474230769230767
120,https://reddit.com/r/adidas/comments/1kg4p4j/willy_chavarria_x_adidas_jabbar_dress_low_drops/,-0.07235535714285714
121,https://reddit.com/r/adidas/comments/1kg7jgt/whats_up_with_these/,0.6423166666666668
122,https://reddit.com/r/adidas/comments/1kg84x0/vl_court_30s_with_2_differences/,0.6217857142857143
123,https://reddit.com/r/adidas/comments/1kg9b3f/edison_chen_lunar_new_year_superstar_better_late/,0.20603333333333335
124,https://reddit.com/r/adidas/comments/1kg9n4a/adidas_refusing_to_refund_me/,-0.67155
125,https://reddit.com/r/adidas/comments/1kgcro1/_/,0.2759909090909091
126,https://reddit.com/r/adidas/comments/1kge2to/invincibles/,0.5753625
127,https://reddit.com/r/adidas/comments/1kge9oi/1_of_50_kith_x_adidas_predator_megaride/,0.3684684210526316
128,https://reddit.com/r/adidas/comments/1kgfngb/10_from_my_collection/,0.3406785714285714
129,https://reddit.com/r/adidas/comments/1kgfou6/ordered_from_snipes_and_this_is_what_i_received_i/,-0.04874722222222225
130,https://reddit.com/r/adidas/comments/1kgfs4f/first_time_ordering_from_goat_very_happy/,0.30834999999999996
131,https://reddit.com/r/adidas/comments/1kgg9au/what_do_you_guys_know_about_these/,-0.63225
132,https://reddit.com/r/adidas/comments/1kgif5o/another_pair_of_sambas_love_this_color_way/,0.0
133,https://reddit.com/r/adidas/comments/1kgl119/having_a_triple_for_the_game_tomorrow/,0.0
134,https://reddit.com/r/adidas/comments/1kgm1zm/first_pair_of_sambas_half_off_at_nearby_outlet/,0.5383045454545455
135,https://reddit.com/r/adidas/comments/1kgokga/shipping_time_for_an_exchange/,0.29862
136,https://reddit.com/r/adidas/comments/1kgppe1/is_there_a_current_model_similar_to_this_one/,0.5023
137,https://reddit.com/r/adidas/comments/1kgq4vv/zx10000/,0.0
138,https://reddit.com/r/adidas/comments/1kgw12q/lego_adidas_limited_edition_out_of_100/,0.20161578947368422
139,https://reddit.com/r/adidas/comments/1kgw9xv/vegan_sambas/,0.0
140,https://reddit.com/r/adidas/comments/1kgxo5h/kith_megarides_on_foot_today/,-0.1027
141,https://reddit.com/r/adidas/comments/1kgyjuw/the_100_thieves_x_adidas_palos_hills_drops_this/,0.02394999999999999
142,https://reddit.com/r/adidas/comments/1kgz1zb/amazing/,0.1585
143,https://reddit.com/r/adidas/comments/1kh05tn/any_love_for_the_samoas/,0.28013999999999994
144,https://reddit.com/r/adidas/comments/1kh1k3t/is_it_just_me_or_does_the_three_sole_bottom_make/,0.26114705882352945
145,https://reddit.com/r/adidas/comments/1kh234n/adidas_torsion_zx_8000_sneakers_red_yellow_black/,0.17145
146,https://reddit.com/r/adidas/comments/1kh2w1e/is_shopsimoncom_a_trusted_site_to_buy_adidas/,0.03572142857142857
147,https://reddit.com/r/adidas/comments/1kh3zuz/id_help/,0.0258
148,https://reddit.com/r/adidas/comments/1kh5lqb/orange_green_or_yellow/,0.1832107142857143
149,https://reddit.com/r/adidas/comments/1kh607b/do_sambas_crumble/,0.31074
150,https://reddit.com/r/adidas/comments/1kh71hy/newest_pair/,0.71965
151,https://reddit.com/r/adidas/comments/1kh7zat/blue_and_white_gazelle_or_messi_x_samba/,-0.1366
